Settlement Date,Spot Price ($/MWh),Scheduled Demand (MW),Scheduled Generation (MW),Semi Scheduled Generation (MW),Net Import (MW),Type
17/06/2024 22:35,212.77079,9311.24,8370.40503,283.97497,-647.41,ACTUAL
17/06/2024 22:40,212.36309,9309.36,8272.88241,287.36759,-742.2,ACTUAL
17/06/2024 22:45,212.8513,9168.77,8204.06446,299.49554,-661.56,ACTUAL
17/06/2024 22:50,213.89878,9203.84,8202.46476,299.25524,-696.86,ACTUAL
17/06/2024 22:55,194.83811,9148.42,8202.41152,296.48848,-641.66,ACTUAL
17/06/2024 23:00,180.27556,9016.93,8202.53586,298.90414,-507.31,ACTUAL
17/06/2024 23:05,215.43076,9101.49,8029.44802,302.71198,-755.04,ACTUAL
17/06/2024 23:10,217.25434,9005.52,7905.42455,310.07545,-775.19,ACTUAL
17/06/2024 23:15,172.21497,8915.2,7845.49732,316.54268,-732.86,ACTUAL
17/06/2024 23:20,189.70191,8939.34,7841.4143,326.6057,-746.79,ACTUAL
17/06/2024 23:25,205.21385,8857.42,7841.36805,328.16195,-670.19,ACTUAL
17/06/2024 23:30,186.98335,8862.61,7841.50467,330.75533,-666.19,ACTUAL
17/06/2024 23:35,207.64045,8803.13,7641.34167,339.11833,-800.19,ACTUAL
17/06/2024 23:40,255.3291,8789.37,7496.03216,333.81784,-939.46,ACTUAL
17/06/2024 23:45,258.66,8837.02,7432.77921,336.50079,-1041.03,ACTUAL
17/06/2024 23:50,200.08309,8702.85,7375.55812,343.13188,-959,ACTUAL
17/06/2024 23:55,191.98604,8660.62,7338.12474,353.87526,-944.03,ACTUAL
18/06/2024 00:00,171.93014,8577.86,7379.41103,365.06897,-809.93,ACTUAL
18/06/2024 00:05,202.98713,8579.32,7222.33071,346.76929,-987.65,ACTUAL
18/06/2024 00:10,253.46559,8559.31,7207.62374,354.28626,-977.18,ACTUAL
18/06/2024 00:15,241.41599,8564.77,7146.92138,358.15862,-1035.99,ACTUAL
18/06/2024 00:20,256.62032,8533.06,7092.74425,350.50575,-1064.71,ACTUAL
18/06/2024 00:25,246.1942,8406.09,7035.56814,347.70186,-1000.41,ACTUAL
18/06/2024 00:30,254.64892,8376.79,7019.77179,343.55821,-991.16,ACTUAL
18/06/2024 00:35,239.00003,8368.22,6930.13753,352.56247,-1059.63,ACTUAL
18/06/2024 00:40,258.66,8314.16,6869.8226,371.3374,-1047.98,ACTUAL
18/06/2024 00:45,254.72698,8353.66,6831.33073,384.05927,-1109.23,ACTUAL
18/06/2024 00:50,251.68744,8327.86,6785.29965,388.52035,-1123.76,ACTUAL
18/06/2024 00:55,221.46925,8260.3,6772.02187,392.10813,-1067.62,ACTUAL
18/06/2024 01:00,182.98408,8233.37,6760.84319,401.11681,-1038.48,ACTUAL
18/06/2024 01:05,218.33804,8188.73,6657.01661,397.19339,-1097.67,ACTUAL
18/06/2024 01:10,245.7781,8144.36,6648.81525,390.01475,-1071.05,ACTUAL
18/06/2024 01:15,223.27702,8153.92,6632.18914,399.94086,-1085.95,ACTUAL
18/06/2024 01:20,176.24511,8012.74,6624.58608,405.86392,-945.3,ACTUAL
18/06/2024 01:25,215.39461,8032.57,6594.45526,419.49474,-984.71,ACTUAL
18/06/2024 01:30,212.83927,8007.09,6594.50881,424.50119,-955.75,ACTUAL
18/06/2024 01:35,179.25387,7959.94,6530.26455,439.04545,-955.4,ACTUAL
18/06/2024 01:40,216.96797,7949.69,6500.96577,433.97423,-983.29,ACTUAL
18/06/2024 01:45,179.32034,7879.12,6499.42425,433.53575,-914.58,ACTUAL
18/06/2024 01:50,177.22099,7838.84,6499.41759,427.02241,-880.19,ACTUAL
18/06/2024 01:55,172.99746,7777.12,6444.58757,436.19243,-864.65,ACTUAL
18/06/2024 02:00,173.4892,7725.76,6398.77313,434.71687,-860.21,ACTUAL
18/06/2024 02:05,175.5511,7730.55,6260.42422,413.82578,-1011.13,ACTUAL
18/06/2024 02:10,215.42061,7775.08,6234.51216,428.83784,-1069.88,ACTUAL
18/06/2024 02:15,215.20915,7729,6196.45678,432.43322,-1057.78,ACTUAL
18/06/2024 02:20,178.62991,7711.45,6194.45544,439.81456,-1030.74,ACTUAL
18/06/2024 02:25,174.07925,7660.47,6194.47009,432.38991,-986.58,ACTUAL
18/06/2024 02:30,167.5002,7629.29,6194.40959,432.28041,-955.39,ACTUAL
18/06/2024 02:35,177.4971,7654.9,6141.60103,421.94897,-1043.01,ACTUAL
18/06/2024 02:40,181.2403,7615.66,6139.41445,411.26555,-1016.06,ACTUAL
18/06/2024 02:45,178.87809,7576.06,6139.45847,412.34153,-977.09,ACTUAL
18/06/2024 02:50,212.87225,7626.14,6139.43164,402.87836,-1032.95,ACTUAL
18/06/2024 02:55,175.13026,7500.97,6139.48289,401.51711,-918.85,ACTUAL
18/06/2024 03:00,174.52454,7548.03,6139.5341,388.3259,-973.76,ACTUAL
18/06/2024 03:05,177.71815,7509.91,6099.46276,390.13724,-975.08,ACTUAL
18/06/2024 03:10,176.49727,7483.59,6099.43194,397.78806,-945.52,ACTUAL
18/06/2024 03:15,174.35139,7480.97,6099.43849,413.77151,-926.79,ACTUAL
18/06/2024 03:20,177.53511,7485.41,6099.4466,430.8034,-912.84,ACTUAL
18/06/2024 03:25,232.74176,7489.4,6099.39601,437.92399,-910.52,ACTUAL
18/06/2024 03:30,175.62872,7472.28,6099.50907,442.45093,-889.93,ACTUAL
18/06/2024 03:35,158.85571,7370.4,6119.4138,446.9362,-765,ACTUAL
18/06/2024 03:40,170.09811,7374.66,6119.45796,451.28204,-764.31,ACTUAL
18/06/2024 03:45,215.41641,7464.47,6119.38164,451.07836,-852.38,ACTUAL
18/06/2024 03:50,176.8823,7460.39,6119.4151,435.7249,-862.77,ACTUAL
18/06/2024 03:55,175.34542,7417.6,6119.38287,446.53713,-814.88,ACTUAL
18/06/2024 04:00,212.45607,7449.06,6119.48822,444.89178,-844.1,ACTUAL
18/06/2024 04:05,156.50191,7437.44,6244.57596,447.52404,-712.33,ACTUAL
18/06/2024 04:10,235.26101,7671.85,6373.43907,433.01093,-833.71,ACTUAL
18/06/2024 04:15,230.43847,7665.01,6431.79471,431.44529,-778.22,ACTUAL
18/06/2024 04:20,211.0072,7697.79,6494.72546,414.37454,-762.81,ACTUAL
18/06/2024 04:25,210.94058,7706.11,6519.97147,408.63853,-755.31,ACTUAL
18/06/2024 04:30,234.50079,7719.45,6519.3972,405.4428,-772.01,ACTUAL
18/06/2024 04:35,200.82558,7786.1,6574.39434,409.89566,-779.33,ACTUAL
18/06/2024 04:40,213.65728,7812.25,6574.90181,408.69819,-808.16,ACTUAL
18/06/2024 04:45,212.5813,7744.3,6574.46312,410.71688,-740.43,ACTUAL
18/06/2024 04:50,213.01927,7779.01,6574.41375,398.30625,-787.14,ACTUAL
18/06/2024 04:55,218.05988,7816.51,6574.92457,396.06543,-826.32,ACTUAL
18/06/2024 05:00,216.05309,7808.5,6574.47214,391.39786,-822.61,ACTUAL
18/06/2024 05:05,213.13186,7943.77,6664.81429,389.20571,-868.95,ACTUAL
18/06/2024 05:10,218.13205,7893.73,6694.51306,382.16694,-800.7,ACTUAL
18/06/2024 05:15,225.16778,7977.88,6694.99772,366.03228,-897.93,ACTUAL
18/06/2024 05:20,258.66,8013.04,6737.08115,349.94885,-905.07,ACTUAL
18/06/2024 05:25,265.34518,8137.49,6849.0103,330.4397,-935.91,ACTUAL
18/06/2024 05:30,263.12535,8218.24,6914.87678,315.10322,-965.22,ACTUAL
18/06/2024 05:35,223.01629,8246.08,7049.61538,297.52462,-881.51,ACTUAL
18/06/2024 05:40,209.3335,8236.46,7124.78456,285.29544,-812.34,ACTUAL
18/06/2024 05:45,252.32805,8458.48,7180.62397,279.73603,-977.4,ACTUAL
18/06/2024 05:50,273.10315,8578.37,7189.4646,275.6154,-1087.9,ACTUAL
18/06/2024 05:55,274.78269,8593.07,7235.24677,279.79323,-1054.39,ACTUAL
18/06/2024 06:00,273.76016,8631.1,7291.5562,286.3838,-1030.69,ACTUAL
18/06/2024 06:05,299.99,8784.58,7582.36229,296.13771,-892.12,ACTUAL
18/06/2024 06:10,299.99,9020.46,7874.75507,308.38493,-827.41,ACTUAL
18/06/2024 06:15,299.99,9126.31,8094.71962,303.00038,-723.77,ACTUAL
18/06/2024 06:20,299.99,9269.88,8228.5889,311.2511,-725.94,ACTUAL
18/06/2024 06:25,267.11791,9347.09,8231.17898,327.17102,-782.81,ACTUAL
18/06/2024 06:30,264.53068,9446.23,8212.6719,322.5581,-902.3,ACTUAL
18/06/2024 06:35,267.45963,9639.23,8263.41219,324.31781,-1038.41,ACTUAL
18/06/2024 06:40,272.12269,9791.46,8273.3138,328.9462,-1170.42,ACTUAL
18/06/2024 06:45,299.98,9977.48,8301.6034,300.6366,-1348.31,ACTUAL
18/06/2024 06:50,299.98,10052,8454.78362,289.14638,-1285.78,ACTUAL
18/06/2024 06:55,299.98,10148.88,8693.80003,291.22997,-1148.91,ACTUAL
18/06/2024 07:00,299.99,10224.32,8879.37611,302.98389,-1032.43,ACTUAL
18/06/2024 07:05,299.99,10391.05,9040.19026,309.64974,-1032.31,ACTUAL
18/06/2024 07:10,299.99,10469.54,9051.23198,320.96802,-1087.17,ACTUAL
18/06/2024 07:15,299.99,10484.87,8993.07703,306.79297,-1169.5,ACTUAL
18/06/2024 07:20,309.18509,10610.16,9202.92785,305.96215,-1083.66,ACTUAL
18/06/2024 07:25,313.75543,10772.39,9137.45968,301.67032,-1304.04,ACTUAL
18/06/2024 07:30,310.98365,10882.15,9133.75883,327.61117,-1380.6,ACTUAL
18/06/2024 07:35,303.00177,10837.54,9097.81227,343.59773,-1341.72,ACTUAL
18/06/2024 07:40,307.9366,10986.99,9066.59964,402.34036,-1458.55,ACTUAL
18/06/2024 07:45,299.99,10940.1,9004.91514,436.23486,-1434.64,ACTUAL
18/06/2024 07:50,299.99,10837.27,8862.20791,489.98209,-1426.6,ACTUAL
18/06/2024 07:55,299.99,10714.17,8755.50549,544.36451,-1348.02,ACTUAL
18/06/2024 08:00,299.99,10674.26,8607.36537,654.19463,-1344.86,ACTUAL
18/06/2024 08:05,299.99,10600.94,8587.47232,702.86768,-1252.77,ACTUAL
18/06/2024 08:10,299.98,10530.49,8290.87274,782.71726,-1386.55,ACTUAL
18/06/2024 08:15,294.33073,10417.32,8150.52095,921.10905,-1273.8,ACTUAL
18/06/2024 08:20,266.44318,10356.89,7973.10811,1030.23189,-1280.3,ACTUAL
18/06/2024 08:25,274.53994,10286.1,7728.10357,1073.76643,-1409.18,ACTUAL
18/06/2024 08:30,267.79553,10147.68,7597.68481,1151.91519,-1321.09,ACTUAL
18/06/2024 08:35,274.54,10018.66,7525.35966,1229.87034,-1184.2,ACTUAL
18/06/2024 08:40,236.49229,9925.08,7434.62823,1366.51177,-1040.32,ACTUAL
18/06/2024 08:45,144.77389,9715.41,7252.78076,1512.60924,-861.46,ACTUAL
18/06/2024 08:50,82.02994,9616.8,7130.64368,1526.19632,-875.64,ACTUAL
18/06/2024 08:55,132.01788,9525.41,7019.04505,1588.51495,-839.04,ACTUAL
18/06/2024 09:00,143.86888,9494.33,6956.77714,1651.31286,-803.53,ACTUAL
18/06/2024 09:05,120.12439,9287.19,6515.07067,1719.60933,-970.31,ACTUAL
18/06/2024 09:10,139.96,9190.77,6385.94556,1783.64444,-937.26,ACTUAL
18/06/2024 09:15,73.98455,9141.56,6208.359,1769.541,-1089.98,ACTUAL
18/06/2024 09:20,129.3676,9083.88,6087.62409,1812.86591,-1105.56,ACTUAL
18/06/2024 09:25,109.83,8995.44,6056.29593,1795.40407,-1064.09,ACTUAL
18/06/2024 09:30,120.89,8918.72,6032.09819,1789.03181,-1016.91,ACTUAL
18/06/2024 09:35,105.00015,8822.22,5889.07653,1836.31347,-1020.16,ACTUAL
18/06/2024 09:40,120.68,8772.64,5847.56044,1835.87956,-1011.42,ACTUAL
18/06/2024 09:45,255.80497,8737.61,5943.66069,1751.56931,-968.39,ACTUAL
18/06/2024 09:50,235.09927,8734.17,5912.40482,1731.85518,-1017.25,ACTUAL
18/06/2024 09:55,229.75735,8616.38,5812.71121,1792.53879,-939.5,ACTUAL
18/06/2024 10:00,124.44281,8478.74,5776.80888,1807.40112,-819.95,ACTUAL
18/06/2024 10:05,62.1,8357.11,5660.24539,1757.73461,-867.81,ACTUAL
18/06/2024 10:10,104.99985,8284.56,5588.28736,1768.14264,-857.31,ACTUAL
18/06/2024 10:15,55,8199.63,5464.17149,1775.80851,-888.72,ACTUAL
18/06/2024 10:20,104.99985,8093.24,5372.74404,1745.55596,-902.79,ACTUAL
18/06/2024 10:25,104.99985,8036.44,5261.47611,1847.76389,-852.59,ACTUAL
18/06/2024 10:30,50.81,7890.7,5096.69912,1927.84088,-791.54,ACTUAL
18/06/2024 10:35,85,7774.88,5033.45128,1928.71872,-736.4,ACTUAL
18/06/2024 10:40,61.97,7704.52,4914.46843,1942.03157,-765.54,ACTUAL
18/06/2024 10:45,61.92,7656.79,4860.57564,1996.31436,-720.35,ACTUAL
18/06/2024 10:50,76.72,7652.79,4835.98042,1955.52958,-780.65,ACTUAL
18/06/2024 10:55,76.72,7576.55,4790.22617,1961.80383,-745.99,ACTUAL
18/06/2024 11:00,56.99,7434.9,4693.73508,1948.97492,-714.08,ACTUAL
18/06/2024 11:05,88.10998,7425.46,4806.25506,1838.90494,-701.16,ACTUAL
18/06/2024 11:10,105.74005,7521.07,4873.78518,1852.01482,-714.03,ACTUAL
18/06/2024 11:15,54.29002,7388.23,4677.21266,1967.48734,-666.25,ACTUAL
18/06/2024 11:20,76.72,7350.72,4739.87307,1935.31693,-607.94,ACTUAL
18/06/2024 11:25,63.26066,7310.48,4708.12708,2020.99292,-520.84,ACTUAL
18/06/2024 11:30,56.99,7201.89,4612.41896,2114.40104,-413.65,ACTUAL
18/06/2024 11:35,56.99,7122.59,4546.41935,2118.14065,-397.38,ACTUAL
18/06/2024 11:40,62.10415,7254,4637.54074,2125.26926,-430.21,ACTUAL
18/06/2024 11:45,61.39685,7206.84,4607.31517,2122.27483,-419.65,ACTUAL
18/06/2024 11:50,61.55,7239.03,4621.96563,2118.78437,-437.94,ACTUAL
18/06/2024 11:55,54.22999,7170.68,4511.32208,2121.35792,-480.93,ACTUAL
18/06/2024 12:00,58,7218.15,4578.40004,2125.51996,-455.07,ACTUAL
18/06/2024 12:05,7.37,7099.25,4446.60096,2146.86904,-449.88,ACTUAL
18/06/2024 12:10,54.00002,7100.17,4452.91903,2139.88097,-448.75,ACTUAL
18/06/2024 12:15,54.00002,7060.56,4410.34234,2129.57766,-463.48,ACTUAL
18/06/2024 12:20,54.00002,6960.12,4341.59566,2117.65434,-441.39,ACTUAL
18/06/2024 12:25,57.99993,6982.97,4357.24774,2130.64226,-435.28,ACTUAL
18/06/2024 12:30,57.99993,7019.79,4348.38813,2188.69187,-423.25,ACTUAL
18/06/2024 12:35,25.1998,6908.01,4232.90998,2174.79002,-440.91,ACTUAL
18/06/2024 12:40,58,6971.9,4311.82106,2186.10894,-416.33,ACTUAL
18/06/2024 12:45,54.00015,6991.73,4240.13516,2223.31484,-471.34,ACTUAL
18/06/2024 12:50,54.00015,6943.1,4240.90292,2245.45708,-399.14,ACTUAL
18/06/2024 12:55,56.99,6993.3,4291.07202,2246.06798,-398.15,ACTUAL
18/06/2024 13:00,38.99988,6940.56,4209.72487,2249.15513,-421.25,ACTUAL
18/06/2024 13:05,-0.0002,6915.31,4150.17358,2261.60642,-444.48,ACTUAL
18/06/2024 13:10,28.00256,6935.53,4129.99409,2279.00591,-470.58,ACTUAL
18/06/2024 13:15,56.99,6961.4,4174.69438,2250.15562,-477.4,ACTUAL
18/06/2024 13:20,56.99,6996.9,4242.59876,2224.05124,-468.89,ACTUAL
18/06/2024 13:25,39.00033,6989.59,4205.4797,2240.6403,-481.03,ACTUAL
18/06/2024 13:30,0.00005,6928.3,4134.46844,2244.20156,-478.56,ACTUAL
18/06/2024 13:35,38.99987,7032.72,4148.66422,2307.85578,-506.42,ACTUAL
18/06/2024 13:40,16.18363,7024.87,4125.30403,2252.07597,-575.43,ACTUAL
18/06/2024 13:45,15.22923,6958.95,4096.64648,2319.67352,-475.58,ACTUAL
18/06/2024 13:50,40.74987,7108.53,4170.19236,2378.83764,-494.8,ACTUAL
18/06/2024 13:55,1.25,7020.8,4118.54797,2357.64203,-477.82,ACTUAL
18/06/2024 14:00,16.27979,7033.78,4102.0999,2356.8301,-513.08,ACTUAL
18/06/2024 14:05,56.99,7102.48,4180.86599,2310.97401,-544.81,ACTUAL
18/06/2024 14:10,0.00005,7146.16,4115.61526,2366.02474,-587.36,ACTUAL
18/06/2024 14:15,56.99,7226.94,4214.55807,2305.88193,-626.94,ACTUAL
18/06/2024 14:20,61.55,7351.33,4407.63335,2202.25665,-661.49,ACTUAL
18/06/2024 14:25,56.99,7279.64,4332.94749,2143.40251,-716.85,ACTUAL
18/06/2024 14:30,56.99,7358.01,4362.39623,2199.19377,-709.03,ACTUAL
18/06/2024 14:35,47.99622,7495.54,4540.06841,2176.93159,-695.65,ACTUAL
18/06/2024 14:40,46.95499,7501.7,4640.08958,2146.22042,-648,ACTUAL
18/06/2024 14:45,16.53153,7559.92,4667.61741,2349.26259,-490.25,ACTUAL
18/06/2024 14:50,38.95355,7590.58,4800.3074,2302.3126,-434.19,ACTUAL
18/06/2024 14:55,39.00025,7698.31,4960.9114,2214.5986,-472.14,ACTUAL
18/06/2024 15:00,46.80529,7858.3,5017.41184,2148.27816,-634.26,ACTUAL
18/06/2024 15:05,16.52862,7840.8,5101.03979,2270.14021,-424.69,ACTUAL
18/06/2024 15:10,40.52521,7987.25,5298.22803,2237.15197,-408.21,ACTUAL
18/06/2024 15:15,45.27177,7974.04,5427.95065,2039.03935,-464.78,ACTUAL
18/06/2024 15:20,55,8129.22,5547.67914,2064.01086,-469.74,ACTUAL
18/06/2024 15:25,57.97359,8324.41,5689.87074,1970.27926,-612.83,ACTUAL
18/06/2024 15:30,78,8363.94,5859.04728,1821.00272,-632.78,ACTUAL
18/06/2024 15:35,167.26478,8502.88,5969.41887,1732.64113,-740.63,ACTUAL
18/06/2024 15:40,58.78423,8582.91,6084.83011,1728.17989,-708.17,ACTUAL
18/06/2024 15:45,91.48,8816.05,6210.80372,1737.02628,-798.45,ACTUAL
18/06/2024 15:50,120.89,8924.25,6507.67866,1602.90134,-766.19,ACTUAL
18/06/2024 15:55,120.89,9078.25,6646.00791,1538.08209,-839.7,ACTUAL
18/06/2024 16:00,120.89,9045.32,6918.32396,1404.78604,-679.35,ACTUAL
18/06/2024 16:05,139.9019,9155.67,6938.97565,1293.97435,-876.67,ACTUAL
18/06/2024 16:10,299.98,9283.04,7224.13115,1117.81885,-909.97,ACTUAL
18/06/2024 16:15,299.98,9380.7,7509.84779,999.71221,-846.86,ACTUAL
18/06/2024 16:20,299.99,9494.98,7874.40218,880.65782,-725.97,ACTUAL
18/06/2024 16:25,299.99,9574.56,8028.63794,841.37206,-693.49,ACTUAL
18/06/2024 16:30,422.28261,9573.74,8022.44839,760.29161,-782.42,ACTUAL
18/06/2024 16:35,300.34848,9738.14,8176.71677,627.07323,-912,ACTUAL
18/06/2024 16:40,299.99,9884.89,8255.42311,597.07689,-1000.69,ACTUAL
18/06/2024 16:45,299.99,9991.28,8396.50907,518.08093,-1042.62,ACTUAL
18/06/2024 16:50,317.15065,10134.5,8505.11238,472.01762,-1117.82,ACTUAL
18/06/2024 16:55,350.5487,10169.07,8674.11561,433.84439,-1023.81,ACTUAL
18/06/2024 17:00,408.87203,10406.06,8737.79322,424.82678,-1201.74,ACTUAL
18/06/2024 17:05,413.04907,10529.6,8847.5218,424.9082,-1224.59,ACTUAL
18/06/2024 17:10,409.85883,10593.06,8979.48809,412.38191,-1168.87,ACTUAL
18/06/2024 17:15,357.16265,10714.06,9087.97042,434.52958,-1151.68,ACTUAL
18/06/2024 17:20,409.64049,10892.81,9197.44951,437.88049,-1227.69,ACTUAL
18/06/2024 17:25,405.72578,10923.25,9335.77781,446.01219,-1117.23,ACTUAL
18/06/2024 17:30,560.46198,11168.98,9363.92783,437.82217,-1326.4,ACTUAL
18/06/2024 17:35,402.41333,11172.87,9631.56456,445.57544,-1075.04,ACTUAL
18/06/2024 17:40,405.53993,11332.88,9739.28692,449.76308,-1123.52,ACTUAL
18/06/2024 17:45,404.41331,11364.54,9790.35702,439.23298,-1117.47,ACTUAL
18/06/2024 17:50,561.27077,11509.01,9857.40401,450.12599,-1169.55,ACTUAL
18/06/2024 17:55,397.22582,11453.22,9939.3813,474.7587,-1025.48,ACTUAL
18/06/2024 18:00,428.94624,11616.87,9930.55914,483.77086,-1181.84,ACTUAL
18/06/2024 18:05,391.46,11517.12,10025.6657,497.1543,-986.92,ACTUAL
18/06/2024 18:10,264.4,11494.65,10039.08893,512.59107,-945.22,ACTUAL
18/06/2024 18:15,264.4,11517.28,10080.86547,520.09453,-922.03,ACTUAL
18/06/2024 18:20,249.55575,11496.55,10061.62676,522.85324,-912.26,ACTUAL
18/06/2024 18:25,276.31593,11563.19,10124.47637,512.79363,-928.5,ACTUAL
18/06/2024 18:30,269.07128,11562.23,10149.90276,510.61724,-904.26,ACTUAL
18/06/2024 18:35,283.90257,11507.31,10178.53753,529.36247,-800.35,ACTUAL
18/06/2024 18:40,335.17148,11536.95,10088.80129,525.57871,-919.74,ACTUAL
18/06/2024 18:45,317.39391,11603.64,10067.33376,531.78624,-1002.44,ACTUAL
18/06/2024 18:50,264.4,11527.19,10027.66595,529.28405,-967.6,ACTUAL
18/06/2024 18:55,286.10577,11540.23,9990.44575,548.38425,-1000.21,ACTUAL
18/06/2024 19:00,272.35816,11485.46,9996.90143,539.87857,-948.65,ACTUAL
18/06/2024 19:05,281.52219,11470.83,9968.38516,530.69484,-975.94,ACTUAL
18/06/2024 19:10,298.53426,11429.41,9941.33713,532.25287,-960.11,ACTUAL
18/06/2024 19:15,293.68315,11362,9930.34196,521.38804,-912.95,ACTUAL
18/06/2024 19:20,302.22637,11378.24,9901.96088,522.71912,-956.87,ACTUAL
18/06/2024 19:25,286.21753,11234.6,9872.82243,526.28757,-839.48,ACTUAL
18/06/2024 19:30,293.8686,11262.16,9824.08894,522.06106,-918.28,ACTUAL
18/06/2024 19:35,307.67516,11160.24,9825.10863,525.21137,-816.91,ACTUAL
18/06/2024 19:40,300.25762,11216.41,9825.77168,525.70832,-870.6,ACTUAL
18/06/2024 19:45,297.53272,11257.72,9852.69256,526.32744,-883.93,ACTUAL
18/06/2024 19:50,297.73247,11144.49,9773.05909,518.92091,-857.95,ACTUAL
18/06/2024 19:55,305.47348,11215.43,9783.4984,516.0016,-919.93,ACTUAL
18/06/2024 20:00,258.95561,11070.89,9799.96708,513.71292,-762.69,ACTUAL
18/06/2024 20:05,370.75563,11055.03,9673.80725,508.75275,-875.61,ACTUAL
18/06/2024 20:10,376.37622,11042.72,9502.00508,495.56492,-1043.68,ACTUAL
18/06/2024 20:15,378.48278,11088.42,9460.93012,508.31988,-1114.73,ACTUAL
18/06/2024 20:20,312.08217,10968.39,9465.90351,492.55649,-1008.49,ACTUAL
18/06/2024 20:25,307.24274,10875.12,9456.14631,496.27369,-921.43,ACTUAL
18/06/2024 20:30,309.90532,10904.89,9457.00454,497.36546,-949.08,ACTUAL
18/06/2024 20:35,307.32909,10800.32,9373.8209,499.5991,-924.31,ACTUAL
18/06/2024 20:40,309.95473,10852.38,9326.92974,494.58026,-1025.03,ACTUAL
18/06/2024 20:45,307.86171,10831.24,9326.92569,500.27431,-997.95,ACTUAL
18/06/2024 20:50,303.21455,10783.24,9326.878,511.912,-934.84,ACTUAL
18/06/2024 20:55,299.01039,10774.22,9326.90013,513.91987,-924.47,ACTUAL
18/06/2024 21:00,258.50761,10690.97,9402.54523,505.82477,-777.55,ACTUAL
18/06/2024 21:05,312.93862,10550.99,9174.19764,494.15236,-881.24,ACTUAL
18/06/2024 21:10,372.97018,10453.8,9132.48104,510.58896,-810.62,ACTUAL
18/06/2024 21:15,371.00319,10427.26,9075.59789,497.12211,-853.23,ACTUAL
18/06/2024 21:20,313.6267,10373.87,9058.92591,482.85409,-831.29,ACTUAL
18/06/2024 21:25,329.83445,10333.14,8975.98657,476.51343,-877.87,ACTUAL
18/06/2024 21:30,311.41816,10241.47,8968.92663,456.63337,-813.82,ACTUAL
18/06/2024 21:35,321.68033,10177.94,8818.72326,451.68674,-902.9,ACTUAL
18/06/2024 21:40,319.05954,10121.06,8768.78881,431.62119,-915.1,ACTUAL
18/06/2024 21:45,316.91732,10023.6,8718.53001,424.14999,-875.86,ACTUAL
18/06/2024 21:50,317.33743,10036.94,8708.90469,423.58531,-898.49,ACTUAL
18/06/2024 21:55,304.96874,9934.77,8708.96985,423.39015,-794.16,ACTUAL
18/06/2024 22:00,294.14733,9786.76,8608.92318,432.12682,-738.2,ACTUAL
18/06/2024 22:05,299.99,9659.95,8577.88944,433.84056,-639.92,ACTUAL
18/06/2024 22:10,306.34369,9755.94,8646.97848,417.93152,-686.6,ACTUAL
18/06/2024 22:15,313.87386,9767.18,8671.9239,401.2461,-691.84,ACTUAL
18/06/2024 22:20,312.17315,9687.79,8672.97671,383.76329,-630.36,ACTUAL
18/06/2024 22:25,309.54297,9709.39,8668.97215,371.05785,-666.1,ACTUAL
18/06/2024 22:30,302.20274,9527.55,8661.92401,375.67599,-488.13,ACTUAL
18/06/2024 23:00,307.42432,9396.6,8565.003,379.767,-452.55,FORECAST
18/06/2024 23:30,299.99,9163.23,8333.15,365.18,-463.09,FORECAST
19/06/2024 00:00,328.08772,9038.76,7875.004,354.256,-797.59,FORECAST
19/06/2024 00:30,285.48433,8753.27,7710.002,351.828,-683.33,FORECAST
19/06/2024 01:00,235.60615,8573.07,7605.005,346.765,-611.19,FORECAST
19/06/2024 01:30,223.77369,8381.77,7580.003,351.317,-434.4,FORECAST
19/06/2024 02:00,182.28005,8158.3,7480.005,352.045,-302.8,FORECAST
19/06/2024 02:30,175.59773,8027.85,7359.997,354.033,-285.62,FORECAST
19/06/2024 03:00,173.06042,7838.8,7210.005,356.665,-241.56,FORECAST
19/06/2024 03:30,174.35741,7720.47,7124.996,355.274,-210.03,FORECAST
19/06/2024 04:00,139.96,7646.92,7011.994,353.896,-257.28,FORECAST
19/06/2024 04:30,258.66,7620.03,6943.245,340.825,-324.04,FORECAST
19/06/2024 05:00,276.94911,7777.02,7185.001,331.049,-250.33,FORECAST
19/06/2024 05:30,296.54169,8146.57,7305.005,316.895,-504.8,FORECAST
19/06/2024 06:00,310.61778,8614.92,7604.999,301.811,-696.35,FORECAST
19/06/2024 06:30,327.82942,9491.72,8289.005,289.275,-902.39,FORECAST
19/06/2024 07:00,311.01197,10228.29,9232.998,272.262,-716.63,FORECAST
19/06/2024 07:30,1112.66198,10879.35,9381.998,299.012,-1182.06,FORECAST
19/06/2024 08:00,16070.15086,11160.88,9425.005,477.295,-1197.03,FORECAST
19/06/2024 08:30,3601.84677,10901.33,9124.999,936.051,-761.67,FORECAST
19/06/2024 09:00,88.30674,10335.07,8155,1463.31,-626.44,FORECAST
19/06/2024 09:30,258.66,9940.92,7292.9,1741.89,-831.49,FORECAST
19/06/2024 10:00,105.74,9367.36,6801.169,1873.681,-614.89,FORECAST
19/06/2024 10:30,92.27407,8812.42,6270.997,1971.193,-491.86,FORECAST
19/06/2024 11:00,105.0001,8400.02,5893.654,2031.296,-395.74,FORECAST
19/06/2024 11:30,87.5,8173.8,5638.715,2063.455,-395.22,FORECAST
19/06/2024 12:00,87.5,7925.73,5407.873,2115.487,-329.57,FORECAST
19/06/2024 12:30,86.71,7725.15,4973.99599,2160.94401,-525.11,FORECAST
19/06/2024 13:00,87.5,7648.22,4874.00796,2194.10204,-517.19,FORECAST
19/06/2024 13:30,58,7800.47,4785.2016,2180.3784,-774.41,FORECAST
19/06/2024 14:00,58,7888.11,4858.04721,2164.75279,-806.01,FORECAST
19/06/2024 14:30,87.5,8108.5,5235.703,2138.267,-675.87,FORECAST
19/06/2024 15:00,105.74,8395.74,5714.579,2085.221,-536.22,FORECAST
19/06/2024 15:30,105.74,8818.52,6392.543,1955.747,-404.86,FORECAST
19/06/2024 16:00,120.89,9281.83,7043.725,1566.435,-600.41,FORECAST
19/06/2024 16:30,296.58505,9990.59,7860.996,929.564,-1127.04,FORECAST
19/06/2024 17:00,449.99,10777.84,8943.516,420.644,-1349.29,FORECAST
19/06/2024 17:30,536.16564,11553.7,9878.005,309.585,-1321.04,FORECAST
19/06/2024 18:00,724.99,12133.14,10374.5,302.12,-1406.04,FORECAST
19/06/2024 18:30,760.68777,12237.88,10410.999,300.421,-1478.91,FORECAST
19/06/2024 19:00,794.29686,12197.44,10329.996,305.094,-1517.79,FORECAST
19/06/2024 19:30,724.99,12047.76,10085.925,315.785,-1595.53,FORECAST
19/06/2024 20:00,431.34364,11831.25,9809.997,330.113,-1655.77,FORECAST
19/06/2024 20:30,421.42731,11666.24,9515.002,343.348,-1769.56,FORECAST
19/06/2024 21:00,338.41173,11358.31,9418.996,360.524,-1552.06,FORECAST
19/06/2024 21:30,333.45704,10965.13,9307.001,379.349,-1263.55,FORECAST
19/06/2024 22:00,334.59918,10543.85,8837.005,391.885,-1293.62,FORECAST
19/06/2024 22:30,429.47947,10227.02,8367,407.54,-1419.22,FORECAST
19/06/2024 23:00,387.38966,9828.55,8344.932,420.208,-1044.34,FORECAST
19/06/2024 23:30,300.14,9525.5,8377.949,436.501,-705.3,FORECAST
20/06/2024 00:00,299.99,9373.67,8029.156,452.094,-878.54,FORECAST
20/06/2024 00:30,299.98,9075.39,7552.46,465.95,-1034.37,FORECAST
20/06/2024 01:00,283.96,8837.4,7275.402,473.998,-1062.74,FORECAST
20/06/2024 01:30,299.98,8571.64,7437.621,478.069,-646.5,FORECAST
20/06/2024 02:00,283.96,8338.62,7112.066,477.284,-736.19,FORECAST
20/06/2024 02:30,291.6742,8092.61,6956.27,474.93,-647.77,FORECAST
20/06/2024 03:00,283.96,7899.09,6732.31,470.49,-676.98,FORECAST
20/06/2024 03:30,265.73,7766.33,6641.017,464.533,-642.67,FORECAST
20/06/2024 04:00,266.2907,7733.78,6649.996,456.414,-610.24,FORECAST